Rk,School,City State,From,To,Yrs,G,W,L,W-L%,SRS,SOS,AP,CREG,CTRN,NCAA,FF,NC
1,Abilene Christian Wildcats,Abilene Texas,1971,2020,10,294,148,146,.503,-10.99,-6.93,0,0,1,1,0,0
2,Air Force Falcons,USAF Academy Colorado,1958,2020,62,1703,741,962,.435,-2.63,1.34,0,1,0,4,0,0
3,Akron Zips,Akron Ohio,1902,2020,69,1593,942,651,.591,-0.24,-1.47,0,9,4,4,0,0
4,Alabama A&M Bulldogs,Normal Alabama,2000,2020,21,610,232,378,.380,-16.99,-11.31,0,1,1,1,0,0
5,Alabama Crimson Tide,Tuscaloosa Alabama,1913,2020,107,2756,1693,1062,.615,7.27,4.58,15,10,7,21,0,0
6,Alabama State Hornets,Montgomery Alabama,1983,2020,38,1128,540,588,.479,-12.96,-10.02,0,4,4,4,0,0
7,Alabama-Birmingham Blazers,Birmingham Alabama,1980,2020,41,1320,820,500,.621,6.37,2.62,2,7,5,15,0,0
8,Albany (NY) Great Danes,Albany New York,2000,2020,21,658,326,332,.495,-6.75,-6.08,0,2,5,5,0,0
9,Alcorn State Braves,Alcorn State Mississippi,1978,2020,43,1275,552,723,.433,-13.57,-8.87,0,10,6,6,0,0
10,Allegheny Gators,Meadville Pennsylvania,1896,1916,21,234,191,41,.823,,,0,0,0,,,
11,American Eagles,Washington D.C.,1967,2020,54,1533,755,778,.492,-5.55,-3.79,0,7,3,3,0,0
12,Amherst Lord Jeffs,Amherst Massachusetts,1901,1902,2,12,12,0,1.000,,,0,0,0,,,
13,Appalachian State Mountaineers,Boone North Carolina,1974,2020,47,1385,675,710,.487,-5.90,-3.30,0,10,2,2,0,0
14,Arizona State Sun Devils,Tempe Arizona,1912,2020,105,2570,1368,1202,.532,4.94,3.91,7,8,0,16,0,0
15,Arizona Wildcats,Tucson Arizona,1905,2020,113,2754,1808,945,.657,8.92,5.03,27,24,7,35,4,1
16,Arkansas Razorbacks,Fayetteville Arkansas,1924,2020,97,2675,1708,967,.639,7.52,3.09,16,26,7,32,6,1
17,Arkansas State Red Wolves,State University Arkansas,1971,2020,50,1452,743,709,.512,-3.58,-2.94,0,7,1,1,0,0
18,Arkansas-Pine Bluff Golden Lions,Pine Bluff Arkansas,1999,2020,22,667,199,468,.298,-19.55,-8.53,0,0,1,1,0,0
19,Armstrong Pirates,Savannah Georgia,1987,1987,1,28,6,22,.214,-21.60,-4.78,0,0,0,0,0,0
20,Army Black Knights,West Point New York,1903,2020,118,2516,1250,1266,.497,-9.23,-4.68,0,0,0,0,0,0
21,Auburn Tigers,Auburn Alabama,1906,2020,114,2599,1389,1209,.535,5.54,4.17,8,4,2,10,1,0
22,Augusta State Jaguars,Augusta Georgia,1985,1991,7,197,64,133,.325,-17.30,-8.00,0,0,0,0,0,0
23,Augustana (IL) Vikings,Rock Island Illinois,1902,1917,12,116,81,35,.698,,,0,0,0,,,
24,Austin Peay Governors,Clarksville Tennessee,1964,2020,57,1640,824,816,.502,-5.46,-3.39,1,8,5,7,0,0
25,Baker University Wildcats,Baldwin City Kansas,1903,1908,6,90,62,28,.689,,,0,0,0,,,
26,Baldwin-Wallace Yellow Jackets,Berea Ohio,1948,1953,6,139,82,57,.590,-4.45,1.84,0,0,0,0,0,0
27,Ball State Cardinals,Muncie Indiana,1972,2020,49,1443,768,675,.532,-0.83,-0.70,1,10,7,7,0,0
28,Baltimore Super Bees,Baltimore Maryland,1979,1983,5,133,46,87,.346,-13.76,-6.45,0,0,0,0,0,0
29,Baylor Bears,Waco Texas,1907,2020,114,2754,1377,1377,.500,1.63,2.57,7,5,0,12,2,0
30,Belmont Bruins,Nashville Tennessee,2000,2020,21,668,441,227,.660,1.21,-3.46,0,12,8,8,0,0
31,Beloit Buccaneers,Beloit Wisconsin,1911,1924,8,95,66,28,.702,,,0,0,0,,,
32,Bethune-Cookman Wildcats,Daytona Beach Florida,1981,2020,40,1185,433,752,.365,-16.65,-9.97,0,2,0,0,0,0
33,Binghamton Bearcats,Binghamton New York,2002,2020,19,574,205,369,.357,-11.21,-5.50,0,1,1,1,0,0
34,Birmingham-Southern Panthers,Birmingham Alabama,1920,2006,5,105,65,40,.619,-5.44,-8.71,0,1,0,0,0,0
35,Bloomsburg Huskies,Bloomsburg Pennsylvania,1896,1911,15,143,88,55,.615,,,0,0,0,,,
36,Boise State Broncos,Boise Idaho,1972,2020,49,1445,803,642,.556,0.26,-0.58,0,6,5,7,0,0
37,Boston College Eagles,Chestnut Hill Massachusetts,1946,2020,75,2114,1156,958,.547,3.13,3.16,8,6,2,18,0,0
38,Boston University Terriers,Boston Massachusetts,1916,2020,94,2165,1113,1052,.514,-6.76,-5.47,0,8,7,7,0,0
39,Bowling Green State Falcons,Bowling Green Ohio,1916,2020,105,2603,1408,1195,.541,-0.44,0.08,2,9,0,4,0,0
40,Bradley Braves,Peoria Illinois,1903,2020,116,2905,1692,1213,.582,4.69,2.96,12,7,4,9,2,0
41,Brigham Young College,Logan Utah,1908,1908,1,11,10,1,.909,,,0,0,0,,,
42,Brigham Young Cougars,Provo Utah,1903,2020,118,2956,1853,1103,.627,7.69,3.58,11,25,3,29,0,0
43,Brooklyn Bulldogs,Brooklyn New York,1934,1992,25,567,233,334,.411,-19.21,-9.62,0,0,0,0,0,0
44,Brown Bears,Providence Rhode Island,1901,2020,114,2601,1060,1541,.408,-10.86,-4.57,0,1,0,2,0,0
45,Bryant Bulldogs,Smithfield Rhode Island,2011,2020,10,310,112,198,.361,-11.24,-5.38,0,0,0,0,0,0
46,Bucknell Bison,Lewisburg Pennsylvania,1896,2020,125,2712,1463,1249,.539,-8.24,-6.84,0,18,8,8,0,0
47,Buffalo Bulls,Buffalo New York,1907,2020,51,1237,633,604,.512,-4.93,-2.33,1,5,4,4,0,0
48,Butler Bulldogs,Indianapolis Indiana,1897,2020,122,2773,1619,1154,.584,1.87,3.14,8,13,7,16,2,0
49,Cal Poly Mustangs,San Luis Obispo California,1995,2020,26,765,303,462,.396,-6.76,-1.75,0,1,1,1,0,0
50,Cal State Bakersfield Roadrunners,Bakersfield California,2011,2020,10,317,157,160,.495,-4.93,-3.18,0,1,1,1,0,0
51,Cal State Fullerton Titans,Fullerton California,1975,2020,46,1344,635,709,.472,-1.94,-0.30,0,2,3,3,0,0
52,Cal State Long Beach 49ers,Long Beach California,1970,2020,51,1527,826,701,.541,1.01,1.23,5,14,5,9,0,0
53,Cal State Los Angeles Golden Eagles,Los Angeles California,1971,1975,5,130,70,60,.538,-1.89,1.34,0,0,0,1,0,0
54,Cal State Northridge Matadors,Northridge California,1991,2020,30,897,384,513,.428,-5.32,-1.86,0,3,2,2,0,0
55,California Baptist Lancers,Riverside California,2019,2020,2,62,37,25,.597,-2.94,-5.39,0,0,0,0,0,0
56,Campbell Fighting Camels,Buies Creek North Carolina,1978,2020,43,1244,518,726,.416,-12.58,-7.13,0,2,1,1,0,0
57,Canisius Golden Griffins,Buffalo New York,1904,2020,116,2606,1319,1287,.506,-3.71,-1.70,1,8,1,4,0,0
58,Carleton College Knights,Northfield Minnesota,1910,1934,25,360,280,80,.778,,,0,0,0,,,
59,Carnegie Mellon Tartans,Pittsburgh Pennsylvania,1933,1939,7,87,40,47,.460,,,0,2,0,0,0,0
60,Case Western Reserve Spartans,Cleveland Ohio,1898,1955,13,245,95,150,.388,-18.31,-2.68,0,0,0,0,0,0
61,Catholic Cardinals,Washington D.C.,1913,1981,13,248,122,126,.492,-15.98,-6.69,0,0,0,1,0,0
62,Centenary (LA) Gents,Shreveport Louisiana,1960,2011,52,1435,637,798,.444,-8.73,-3.96,1,1,1,0,0,0
63,Central Arkansas Bears,Conway Arkansas,2011,2020,10,305,93,212,.305,-14.30,-5.19,0,0,0,0,0,0
64,Central Connecticut State Blue Devils,New Britain Connecticut,1987,2020,34,992,395,597,.398,-12.72,-7.65,0,3,3,3,0,0
65,Central Florida Knights,Orlando Florida,1985,2020,36,1079,543,536,.503,-4.02,-2.61,0,1,4,5,0,0
66,Central Michigan Chippewas,Mount Pleasant Michigan,1974,2020,47,1357,602,755,.444,-3.85,-0.38,0,8,2,4,0,0
67,Central Missouri Mules,Warrensburg Missouri,1913,1937,10,178,140,38,.787,,,0,0,0,,,
68,Central Normal College,Danville Indiana,1931,1931,1,19,19,0,1.000,,,0,0,0,,,
69,Central Pennsylvania College Knights,Summerdale Pennsylvania,1896,1900,4,6,2,4,.333,,,0,0,0,,,
70,Centre (KY) Colonels,Danville Kentucky,1910,1919,3,45,41,4,.911,,,0,0,0,,,
71,Charleston Southern Buccaneers,Charleston South Carolina,1975,2020,46,1323,550,773,.416,-13.21,-7.21,0,4,4,1,0,0
72,Charlotte 49ers,Charlotte North Carolina,1973,2020,48,1428,783,645,.548,3.40,2.04,2,6,5,11,1,0
73,Chattanooga Mocs,Chattanooga Tennessee,1978,2020,43,1325,795,530,.600,-2.49,-3.62,1,19,11,11,0,0
74,Cheyenne Business College,Cheyenne Wyoming,1903,1903,1,1,1,0,1.000,,,0,0,0,,,
75,Chicago Maroons,Chicago Illinois,1896,1946,46,862,419,443,.486,,,0,6,0,0,0,0
76,Chicago State Cougars,Chicago Illinois,1985,2020,36,1052,273,779,.260,-15.42,-2.25,0,0,1,0,0,0
77,Cincinnati Bearcats,Cincinnati Ohio,1902,2020,119,2861,1835,1026,.641,11.68,5.02,25,25,12,33,6,2
78,Citadel Bulldogs,Charleston South Carolina,1913,2020,108,2392,1003,1389,.419,-13.07,-5.49,0,0,0,0,0,0
79,City College of New York Beavers,New York New York,1906,1953,48,725,517,208,.713,-0.07,2.71,0,1,0,2,2,1
80,Clemson Tigers,Clemson South Carolina,1912,2020,109,2667,1347,1318,.505,5.40,4.21,6,1,1,12,0,0
81,Cleveland State Vikings,Cleveland Ohio,1973,2020,48,1411,693,718,.491,-3.47,-1.58,0,4,2,2,0,0
82,Coastal Carolina Chanticleers,Conway South Carolina,1987,2020,34,1024,520,504,.508,-8.13,-6.24,0,7,5,4,0,0
83,Colgate Raiders,Hamilton New York,1901,2020,120,2717,1306,1411,.481,-10.96,-5.71,0,5,3,3,0,0
84,College of Charleston Cougars,Charleston South Carolina,1992,2020,29,908,626,282,.689,1.11,-4.16,2,13,4,5,0,0
85,College of New Jersey Lions,Ewing New Jersey,1900,1900,1,5,3,2,.600,,,0,0,0,,,
86,Colorado Buffaloes,Boulder Colorado,1902,2020,117,2561,1338,1223,.522,5.09,5.93,5,19,1,14,2,0
87,Colorado College Tigers,Colorado Springs Colorado,1915,1937,23,376,233,143,.620,,,0,7,0,,,
88,Colorado School of Mines Orediggers,Golden Colorado,1908,1937,28,282,80,202,.284,,,0,2,0,,,
89,Colorado State Rams,Fort Collins Colorado,1902,2020,116,2570,1286,1284,.500,2.70,2.37,0,6,1,10,0,0
90,Columbia Lions,New York New York,1901,2020,120,2648,1308,1340,.494,-7.68,-5.16,2,13,0,3,0,0
91,Concordia Seminary Preachers,St. Louis Missouri,1907,1923,2,16,14,2,.875,,,0,0,0,,,
92,Connecticut Huskies,Storrs Connecticut,1901,2020,114,2644,1675,969,.634,6.39,0.96,16,27,8,32,5,4
93,Coppin State Eagles,Baltimore Maryland,1986,2020,35,1063,488,575,.459,-10.83,-8.22,0,10,4,4,0,0
94,Cornell Big Red,Ithaca New York,1899,2020,122,2730,1269,1461,.465,-7.80,-4.50,0,8,0,5,0,0
95,Cotner University,Lincoln Nebraska,1910,1911,2,27,24,3,.889,,,0,0,0,,,
96,Creighton Bluejays,Omaha Nebraska,1912,2020,100,2613,1586,1027,.607,3.75,3.37,5,16,12,21,0,0
97,Cumberland University Bulldogs,Lebanon Tennessee,1904,1904,1,4,4,0,1.000,,,0,0,0,,,
98,Dakota Wesleyan Tigers,Mitchell South Dakota,1932,1932,1,20,19,1,.950,,,0,0,0,,,
99,Dartmouth Big Green,Hanover New Hampshire,1900,2020,120,2861,1319,1540,.461,-10.83,-5.14,0,12,0,7,2,0
100,Davidson Wildcats,Davidson North Carolina,1909,2020,111,2709,1477,1232,.545,-2.97,-2.96,6,24,13,14,0,0
101,Dayton Flyers,Dayton Ohio,1904,2020,115,2794,1674,1120,.599,6.98,3.18,8,6,2,18,1,0
102,Delaware Fightin' Blue Hens,Newark Delaware,1906,2020,79,1922,953,968,.496,-8.54,-5.98,0,4,5,5,0,0
103,Delaware State Hornets,Dover Delaware,1974,2020,47,1360,536,824,.394,-16.64,-10.26,0,3,1,1,0,0
104,Denison Big Red,Granville Ohio,1905,1944,24,362,269,93,.743,,,0,0,0,0,0,0
105,Denver Pioneers,Denver Colorado,1904,2020,97,2105,948,1157,.450,-3.82,-0.62,0,4,0,0,0,0
106,DePaul Blue Demons,Chicago Illinois,1924,2020,97,2523,1483,1040,.588,6.16,5.89,12,2,0,22,2,0
107,DePauw Tigers,Greencastle Indiana,1916,1932,17,276,182,94,.659,,,0,0,0,,,
108,Detroit Mercy Titans,Detroit Michigan,1910,2020,111,2680,1424,1256,.531,0.09,1.09,2,2,3,6,0,0
109,Dickinson College Red Devils,Carlisle Pennsylvania,1926,1947,2,34,30,4,.882,,,0,0,0,0,0,0
110,Drake Bulldogs,Des Moines Iowa,1907,2020,114,2757,1263,1494,.458,0.95,2.97,5,9,1,4,1,0
111,Drexel Dragons,Philadelphia Pennsylvania,1895,2020,50,1387,758,629,.547,-3.54,-4.48,0,7,4,4,0,0
112,Duke Blue Devils,Durham North Carolina,1906,2020,115,3094,2201,893,.711,16.24,6.67,49,22,26,43,16,5
113,Duquesne Dukes,Pittsburgh Pennsylvania,1914,2020,104,2556,1423,1133,.557,2.07,1.98,7,2,1,5,1,0
114,East Carolina Pirates,Greenville North Carolina,1967,2020,54,1544,675,869,.437,-4.78,-1.17,0,0,2,2,0,0
115,East Central Tigers,Ada Oklahoma,1929,1931,3,74,66,8,.892,,,0,0,0,,,
116,East Tennessee State Buccaneers,Johnson City Tennessee,1959,2020,62,1776,977,799,.550,-4.11,-3.49,1,11,10,10,0,0
117,Eastern Illinois Panthers,Charleston Illinois,1982,2020,39,1147,529,618,.461,-7.34,-4.33,0,0,3,2,0,0
118,Eastern Kentucky Colonels,Richmond Kentucky,1948,2020,70,1886,922,964,.489,-4.74,-2.66,0,7,5,8,0,0
119,Eastern Michigan Eagles,Ypsilanti Michigan,1933,2020,48,1420,675,745,.475,-2.99,-0.25,0,5,4,4,0,0
120,Eastern Washington Eagles,Cheney Washington,1984,2020,37,1083,472,611,.436,-6.17,-2.22,0,4,2,2,0,0
121,Elon Phoenix,Elon North Carolina,2000,2020,21,651,278,373,.427,-8.44,-3.69,0,2,0,0,0,0
122,Emporia State Hornets,Emporia Kansas,1934,1934,1,18,17,1,.944,,,0,0,0,,,
123,Evansville Purple Aces,Evansville Indiana,1925,2020,47,1337,716,621,.536,1.27,1.02,0,6,4,5,0,0
124,Fairfield Stags,Fairfield Connecticut,1965,2020,56,1605,779,826,.485,-4.38,-2.95,0,3,3,3,0,0
125,Fairleigh Dickinson Knights,Teaneck New Jersey,1968,2020,53,1494,717,777,.480,-9.98,-6.95,0,6,6,6,0,0
126,Florida A&M Rattlers,Tallahassee Florida,1980,2020,41,1212,466,746,.384,-15.81,-9.03,0,0,4,3,0,0
127,Florida Atlantic Owls,Boca Raton Florida,1994,2020,27,804,297,507,.369,-9.11,-3.34,0,1,1,1,0,0
128,Florida Gators,Gainesville Florida,1921,2020,99,2579,1451,1127,.563,7.91,4.94,15,9,4,22,5,2
129,Florida Gulf Coast Eagles,Fort Myers Florida,2011,2020,10,335,189,146,.564,-2.57,-3.63,0,3,3,3,0,0
130,Florida International Panthers,Miami Florida,1988,2020,33,984,398,586,.404,-8.04,-3.28,0,1,1,1,0,0
131,Florida State Seminoles,Tallahassee Florida,1957,2020,64,1892,1128,764,.596,7.54,4.92,11,3,2,17,1,0
132,Fordham Rams,Bronx New York,1903,2020,116,2935,1527,1408,.520,-2.75,-0.26,1,4,3,4,0,0
133,Franklin Grizzlies,Franklin Indiana,1907,1925,18,221,144,77,.652,,,0,0,0,,,
134,Fresno State Bulldogs,Fresno California,1956,2020,53,1599,897,702,.561,2.54,1.74,1,6,5,6,0,0
135,Furman Paladins,Greenville South Carolina,1920,2020,99,2522,1267,1255,.502,-6.17,-4.16,0,6,6,6,0,0
136,Gardner-Webb Runnin' Bulldogs,Boiling Springs North Carolina,2003,2020,18,569,266,303,.467,-8.08,-4.70,0,1,1,1,0,0
137,Geneva Golden Tornadoes,Beaver Falls Pennsylvania,1893,1943,10,125,80,45,.640,,,0,0,0,0,0,0
138,George Mason Patriots,Fairfax Virginia,1979,2020,42,1269,681,588,.537,-1.32,-1.56,0,4,4,6,1,0
139,George Washington Colonials,Washington D.C.,1913,2020,103,2532,1361,1171,.538,0.25,-0.10,3,7,5,11,0,0
140,Georgetown Hoyas,Washington D.C.,1907,2020,112,2757,1687,1070,.612,6.76,3.87,20,11,7,30,5,1
141,Georgia Bulldogs,Athens Georgia,1906,2020,115,2768,1439,1329,.520,3.90,4.87,5,3,3,12,1,0
142,Georgia Southern Eagles,Statesboro Georgia,1972,2020,49,1432,734,698,.513,-6.60,-4.97,0,7,3,3,0,0
143,Georgia State Panthers,Atlanta Georgia,1974,2020,47,1379,612,767,.444,-7.18,-3.82,0,7,5,5,0,0
144,Georgia Tech Yellow Jackets,Atlanta Georgia,1920,2020,101,2626,1383,1243,.527,5.57,5.15,8,3,4,16,2,0
145,Gettysburg Bullets,Gettysburg Pennsylvania,1901,1973,41,724,385,339,.532,-15.98,-9.80,0,0,0,0,0,0
146,Gonzaga Bulldogs,Spokane Washington,1944,2020,69,2038,1336,702,.656,3.27,-0.28,13,25,18,22,1,0
147,Grambling Tigers,Grambling Louisiana,1978,2020,43,1228,461,767,.375,-17.39,-9.38,0,3,0,0,0,0
148,Grand Canyon Antelopes,Phoenix Arizona,2014,2020,7,225,136,89,.604,-1.49,-4.16,0,0,0,0,0,0
149,Green Bay Phoenix,Green Bay Wisconsin,1982,2020,39,1192,656,536,.550,-0.49,-1.14,0,4,4,5,0,0
150,Grinnell Pioneers,Grinnell Iowa,1901,1939,38,550,280,270,.509,,,0,0,0,0,0,0
151,Grove City Wolverines,Grove City Pennsylvania,1899,1925,27,383,257,126,.671,,,0,0,0,,,
152,Hamline Pipers,St. Paul Minnesota,1945,1948,4,102,82,20,.804,,,0,0,0,0,0,0
153,Hampton Pirates,Hampton Virginia,1996,2020,25,776,406,370,.523,-8.91,-8.82,0,4,6,6,0,0
154,Hardin-Simmons Cowboys,Abilene Texas,1923,1990,45,1149,481,668,.419,-11.08,-5.70,0,1,0,2,0,0
155,Hartford Hawks,West Hartford Connecticut,1985,2020,36,1071,454,617,.424,-9.00,-5.40,0,0,0,0,0,0
156,Harvard Crimson,Boston Massachusetts,1901,2020,109,2512,1174,1338,.467,-8.17,-4.90,0,7,0,5,0,0
157,Haskell (KS) Fighting Indians,Lawrence Kansas,1903,1908,2,39,27,12,.692,,,0,0,0,,,
158,Hawaii Rainbow Warriors,Honolulu Hawaii,1971,2020,50,1469,775,694,.528,2.05,1.87,1,3,4,5,0,0
159,High Point Panthers,High Point North Carolina,2000,2020,21,639,304,335,.476,-9.27,-6.23,0,4,0,0,0,0
160,Hiram Terriers,Hiram Ohio,1894,1904,8,59,45,14,.763,,,0,0,0,,,
161,Hofstra Pride,Hempstead New York,1943,2020,55,1597,827,770,.518,-5.92,-4.43,0,9,6,4,0,0
162,Holy Cross Crusaders,Worcester Massachusetts,1901,2020,100,2438,1415,1023,.580,-2.07,-3.87,6,6,7,13,2,1
163,Hope Flying Dutchmen,Holland Michigan,1908,1913,5,65,44,21,.677,,,0,0,0,,,
164,Houston Baptist Huskies,Houston Texas,1974,2020,26,749,307,442,.410,-11.54,-5.92,0,2,1,1,0,0
165,Houston Cougars,Houston Texas,1951,2020,70,2070,1247,823,.602,5.70,2.74,10,6,6,21,5,0
166,Howard Bison,Washington D.C.,1974,2020,47,1350,520,830,.385,-15.19,-9.84,0,4,3,2,0,0
167,Idaho State Bengals,Pocatello Idaho,1959,2020,62,1717,753,964,.439,-6.44,-2.63,0,4,2,5,0,0
168,Idaho Vandals,Moscow Idaho,1906,2020,115,2879,1352,1525,.470,-4.11,-1.11,1,7,4,4,0,0
169,Illinois Fighting Illini,Champaign Illinois,1906,2020,115,2833,1809,1024,.639,12.80,7.68,27,17,2,30,5,0
170,Illinois State Redbirds,Normal Illinois,1899,2020,61,1573,939,634,.597,3.64,1.77,0,6,4,6,0,0
171,Illinois Wesleyan Titans,Bloomington Illinois,1928,1928,1,14,13,1,.929,,,0,0,0,,,
172,Illinois-Chicago Flames,Chicago Illinois,1982,2020,39,1190,572,618,.481,-2.83,-1.15,0,2,2,3,0,0
173,Incarnate Word Cardinals,San Antonio Texas,2014,2020,7,204,90,114,.441,-13.02,-6.58,0,0,0,0,0,0
174,Indiana Hoosiers,Bloomington Indiana,1901,2020,120,2918,1853,1065,.635,13.91,8.10,28,22,0,39,8,5
175,Indiana State Sycamores,Terre Haute Indiana,1900,2020,98,2199,1134,1065,.516,-0.22,1.87,1,2,3,4,1,0
176,Iona Gaels,New Rochelle New York,1954,2020,67,1849,1035,814,.560,-4.14,-3.57,1,11,12,14,0,0
177,Iowa Hawkeyes,Iowa City Iowa,1893,2020,123,2858,1673,1184,.586,11.19,7.37,19,8,2,26,3,0
178,Iowa State Cyclones,Ames Iowa,1908,2020,113,2729,1386,1343,.508,6.80,6.35,10,6,6,20,1,0
179,IUPUI Jaguars,Indianapolis Indiana,1999,2020,22,686,318,368,.464,-5.05,-2.53,0,1,1,1,0,0
180,Jackson State Tigers,Jackson Mississippi,1978,2020,43,1296,609,687,.470,-11.14,-8.70,0,7,4,3,0,0
181,Jacksonville Dolphins,Jacksonville Florida,1967,2020,54,1562,764,798,.489,-3.65,-2.08,2,2,2,5,1,0
182,Jacksonville State Gamecocks,Jacksonville Alabama,1996,2020,25,744,321,423,.431,-9.37,-6.40,0,0,1,1,0,0
183,James Madison Dukes,Harrisonburg Virginia,1977,2020,44,1317,665,652,.505,-2.47,-2.27,0,7,3,5,0,0
184,John Carroll Blue Streaks,University Heights Ohio,1948,1955,8,191,80,111,.419,-9.26,-0.19,0,0,0,0,0,0
185,Kalamazoo Hornets,Kalamazoo Michigan,1908,1923,16,193,134,59,.694,,,0,0,0,,,
186,Kansas Jayhawks,Lawrence Kansas,1899,2020,122,3164,2302,862,.728,15.74,7.14,45,62,15,48,15,3
187,Kansas State Wildcats,Manhattan Kansas,1906,2020,115,2843,1668,1175,.587,10.35,6.29,16,19,2,31,4,0
188,Kennesaw State Owls,Kennesaw Georgia,2010,2020,11,342,85,257,.249,-14.09,-3.36,0,0,0,0,0,0
189,Kent State Golden Flashes,Kent Ohio,1914,2020,101,2435,1204,1231,.494,-2.06,-0.33,0,9,6,6,0,0
190,Kentucky Wesleyan Panthers,Owensboro Kentucky,1957,1958,2,52,30,22,.577,-4.61,-2.27,0,0,0,0,0,0
191,Kentucky Wildcats,Lexington Kentucky,1903,2020,117,3034,2320,713,.765,17.67,6.71,53,56,33,59,17,8
192,La Salle Explorers,Philadelphia Pennsylvania,1932,2020,89,2395,1388,1007,.580,2.75,0.64,6,9,8,12,2,1
193,Lafayette Leopards,Easton Pennsylvania,1901,2020,110,2634,1352,1282,.513,-8.13,-6.91,0,17,3,4,0,0
194,Lake Forest Foresters,Lake Forest Illinois,1905,1916,12,144,89,55,.618,,,0,0,0,,,
195,Lamar Cardinals,Beaumont Texas,1970,2020,51,1486,762,724,.513,-4.76,-4.00,0,9,4,6,0,0
196,Latter Day Saints University,Salt Lake City Utah,1903,1903,1,16,15,1,.938,,,0,0,0,,,
197,Lawrence Vikings,Appleton Wisconsin,1948,1948,1,28,22,6,.786,,,0,0,0,0,0,0
198,Lehigh Mountain Hawks,Bethlehem Pennsylvania,1902,2020,119,2553,1118,1435,.438,-13.00,-7.49,0,4,5,5,0,0
199,Lewis Institute,Chicago Illinois,1905,1905,1,25,20,5,.800,,,0,0,0,,,
200,Liberty Flames,Lynchburg Virginia,1989,2020,32,989,483,506,.488,-9.73,-6.95,0,4,5,4,0,0
201,Lipscomb Bisons,Nashville Tennessee,2004,2020,17,531,282,249,.531,-5.36,-4.42,0,3,1,1,0,0
202,Little Rock Trojans,Little Rock Arkansas,1979,2020,42,1261,697,564,.553,-3.19,-3.52,0,13,5,5,0,0
203,Long Island University Sharks,Brooklyn New York,1929,2020,75,2020,1127,891,.558,-9.29,-6.42,1,9,6,7,0,0
204,Longwood Lancers,Farmville Virginia,2008,2020,13,416,140,276,.337,-15.90,-5.58,0,0,0,0,0,0
205,Louisiana Ragin' Cajuns,Lafayette Louisiana,1972,2020,49,1424,825,599,.579,0.64,-1.11,2,10,7,10,0,0
206,Louisiana State Fighting Tigers,Baton Rouge Louisiana,1909,2020,112,2779,1583,1196,.570,5.62,4.43,13,12,1,22,4,0
207,Louisiana Tech Bulldogs,Ruston Louisiana,1974,2020,47,1410,817,593,.579,-0.12,-1.61,1,10,6,5,0,0
208,Louisiana-Monroe Warhawks,Monroe Louisiana,1974,2020,47,1386,722,664,.521,-4.64,-4.29,0,10,8,7,0,0
209,Louisville Cardinals,Louisville Kentucky,1912,2020,106,2805,1869,936,.666,13.52,6.49,35,23,17,43,10,3
210,Loyola (IL) Ramblers,Chicago Illinois,1921,2020,99,2518,1344,1174,.534,-0.09,1.49,5,6,2,6,2,1
211,Loyola (LA) Wolfpack,New Orleans Louisiana,1952,1972,20,499,237,262,.475,-6.45,0.25,0,0,0,2,0,0
212,Loyola (MD) Greyhounds,Baltimore Maryland,1908,2020,76,1769,808,961,.457,-9.06,-4.75,0,0,2,2,0,0
213,Loyola Marymount Lions,Los Angeles California,1943,2020,73,2020,878,1142,.435,-4.18,0.37,2,3,2,5,0,0
214,Macalester Scots,St. Paul Minnesota,1896,1899,4,21,8,13,.381,,,0,0,0,,,
215,Maine Black Bears,Orono Maine,1904,2020,76,1831,808,1023,.441,-12.20,-7.30,0,0,0,0,0,0
216,Manchester Spartans,North Manchester Indiana,1926,1926,1,16,15,1,.938,,,0,0,0,,,
217,Manhattan Jaspers,Riverdale New York,1905,2020,114,2645,1378,1267,.521,-3.42,-2.43,0,13,5,8,0,0
218,Marietta Pioneers,Marietta Ohio,1908,1920,13,175,109,66,.623,,,0,0,0,,,
219,Marist Red Foxes,Poughkeepsie New York,1982,2020,39,1155,502,653,.435,-7.46,-5.58,0,5,2,2,0,0
220,Marquette Golden Eagles,Milwaukee Wisconsin,1917,2020,103,2670,1651,1019,.618,9.01,4.70,22,3,1,33,3,1
221,Marshall Thundering Herd,Huntington West Virginia,1919,2020,96,2493,1424,1067,.572,-1.01,-1.25,1,6,4,6,0,0
222,Maryland Terrapins,College Park Maryland,1924,2020,97,2629,1587,1042,.604,10.06,5.30,24,7,4,28,2,1
223,Maryland-Baltimore County Retrievers,Baltimore Maryland,1987,2020,34,1008,404,604,.401,-11.32,-6.58,0,2,2,2,0,0
224,Maryland-Eastern Shore Hawks,Princess Anne Maryland,1974,2020,41,1187,339,848,.286,-20.01,-9.49,0,1,1,0,0,0
225,Massachusetts Institute of Technology Engineers,Cambridge Massachusetts,1909,1909,1,16,10,6,.625,,,0,0,0,,,
226,Massachusetts Minutemen,Amherst Massachusetts,1926,2020,61,1763,959,804,.544,0.69,-0.24,5,15,5,9,1,0
227,Massachusetts-Lowell River Hawks,Lowell Massachusetts,1906,2020,8,228,100,128,.439,-10.66,-5.64,0,0,0,0,0,0
228,McNeese State Cowboys,Lake Charles Louisiana,1974,2020,47,1358,647,711,.476,-7.22,-4.76,0,6,2,2,0,0
229,Memphis Tigers,Memphis Tennessee,1956,2020,65,1976,1319,657,.668,8.66,3.63,16,18,11,25,3,0
230,Mercer Bears,Macon Georgia,1974,2020,47,1386,663,723,.478,-7.85,-5.35,0,3,3,3,0,0
231,Merchant Marine Academy Mariners,King's Point New York,1946,1947,2,39,13,26,.333,,,0,0,0,0,0,0
232,Merrimack Warriors,North Andover Massachusetts,2020,2020,1,31,20,11,.645,-6.93,-6.53,0,1,0,0,0,0
233,Miami (FL) Hurricanes,Coral Gables Florida,1949,2020,57,1643,939,704,.572,3.20,3.39,7,2,1,10,0,0
234,Miami (OH) RedHawks,Oxford Ohio,1906,2020,115,2616,1401,1215,.536,2.15,0.94,1,18,4,17,0,0
235,Michigan State Spartans,East Lansing Michigan,1899,2020,121,2840,1739,1101,.612,11.71,7.69,25,16,6,33,10,2
236,Michigan Wolverines,Ann Arbor Michigan,1918,2020,103,2686,1635,1051,.609,10.80,7.74,22,14,3,29,8,1
237,Middle Tennessee Blue Raiders,Murfreesboro Tennessee,1959,2020,62,1769,976,793,.552,-3.95,-2.83,0,11,7,9,0,0
238,Millikin Big Blue,Decatur Illinois,1910,1921,12,210,150,60,.714,,,0,0,0,,,
239,Millsaps Majors,Jackson Mississippi,1911,1921,11,116,59,57,.509,,,0,0,0,,,
240,Milwaukee Panthers,Milwaukee Wisconsin,1974,2020,37,1095,534,561,.488,-3.88,-1.41,0,4,4,4,0,0
241,Minnesota A&M Aggies,St. Paul Minnesota,1896,1903,4,30,27,3,.900,,,0,0,0,,,
242,Minnesota Golden Gophers,Minneapolis Minnesota,1896,2020,125,2898,1663,1233,.574,9.77,7.61,10,9,0,14,1,0
243,Mississippi Rebels,University Mississippi,1909,2020,110,2662,1328,1332,.499,2.51,4.37,2,3,2,9,0,0
244,Mississippi State Bulldogs,Mississippi State Mississippi,1909,2020,108,2654,1445,1209,.544,4.18,4.34,11,12,5,11,1,0
245,Mississippi Valley State Delta Devils,Itta Bena Mississippi,1980,2020,41,1209,478,731,.395,-14.24,-8.98,0,7,5,5,0,0
246,Missouri State Bears,Springfield Missouri,1983,2020,38,1197,704,493,.588,4.25,1.23,0,5,3,6,0,0
247,Missouri Tigers,Columbia Missouri,1907,2020,114,2837,1655,1182,.583,8.75,6.07,14,15,8,27,0,0
248,Missouri-Kansas City Kangaroos,Kansas City Missouri,1990,2020,31,921,391,530,.425,-6.91,-3.24,0,0,0,0,0,0
249,Monmouth Hawks,West Long Branch New Jersey,1984,2020,37,1110,530,580,.477,-7.83,-6.16,0,4,4,4,0,0
250,Montana Grizzlies,Missoula Montana,1912,2020,105,2667,1455,1212,.546,-2.39,-2.64,0,13,11,12,0,0
251,Montana State Bobcats,Bozeman Montana,1902,2020,109,2649,1443,1206,.545,-5.25,-2.68,0,10,2,2,0,0
252,Morehead State Eagles,Morehead Kentucky,1956,2020,65,1804,896,908,.497,-5.87,-3.52,0,9,4,7,0,0
253,Morgan State Bears,Baltimore Maryland,1985,2020,36,1065,392,673,.368,-15.56,-9.04,0,3,2,2,0,0
254,Morris Brown Wolverines,Atlanta Georgia,2002,2003,2,57,13,44,.228,-25.82,-6.03,0,0,0,0,0,0
255,Mount St. Mary's Mountaineers,Emmitsburg Maryland,1989,2020,32,956,414,542,.433,-9.25,-6.42,0,2,5,5,0,0
256,Mount Union Purple Raiders,Alliance Ohio,1896,1932,37,493,314,179,.637,,,0,0,0,,,
257,Muhlenburg Mules,Allentown Pennsylvania,1901,1963,56,1064,579,484,.545,-10.33,-4.35,0,3,0,0,0,0
258,Murray State Racers,Murray Kentucky,1954,2020,67,1919,1220,699,.636,-0.54,-3.21,2,28,16,17,0,0
259,Muskingum Fighting Muskies,New Concord Ohio,1905,1927,3,48,44,4,.917,,,0,0,0,,,
260,Navy Midshipmen,Annapolis Maryland,1908,2020,113,2490,1409,1081,.566,-4.96,-4.03,1,8,6,11,0,0
261,Nebraska Cornhuskers,Lincoln Nebraska,1897,2020,124,2912,1522,1390,.523,5.68,6.15,2,7,1,7,0,0
262,Nebraska Wesleyan Prairie Wolves,Lincoln Nebraska,1906,1917,12,188,134,54,.713,,,0,0,0,,,
263,Nevada Wolf Pack,Reno Nevada,1913,2020,65,1727,973,754,.563,0.40,1.20,4,12,5,9,0,0
264,Nevada-Las Vegas Rebels,Las Vegas Nevada,1970,2020,51,1609,1117,492,.694,9.41,3.23,16,13,11,20,4,1
265,New Hampshire Wildcats,Durham New Hampshire,1927,2020,68,1750,604,1146,.345,-14.70,-7.05,0,1,0,0,0,0
266,New Mexico Lobos,Albuquerque New Mexico,1900,2020,114,2617,1516,1101,.579,3.99,2.21,11,12,6,15,0,0
267,New Mexico State Aggies,Las Cruces New Mexico,1905,2020,110,2645,1564,1079,.592,1.29,-0.31,5,20,12,25,1,0
268,New Orleans Privateers,New Orleans Louisiana,1976,2020,43,1265,687,578,.543,-2.24,-2.22,2,8,4,5,0,0
269,New York University Violets,New York New York,1907,1971,65,1184,725,459,.612,-0.44,-0.12,2,6,0,6,2,0
270,Newberry Wolves,Newberry South Carolina,1921,1921,1,4,2,2,.500,,,0,0,0,,,
271,Niagara Purple Eagles,Niagara University New York,1906,2020,114,2748,1483,1264,.540,-2.99,-1.82,2,10,2,3,0,0
272,Nicholls State Colonels,Thibodaux Louisiana,1981,2020,40,1138,468,670,.411,-12.01,-5.95,0,3,2,2,0,0
273,NJIT Highlanders,Newark New Jersey,2010,2020,11,345,166,179,.481,-9.48,-6.42,0,1,0,0,0,0
274,Norfolk State Spartans,Norfolk Virginia,1998,2020,23,715,342,373,.478,-11.31,-8.71,0,2,1,1,0,0
275,North Alabama Lions,Florence Alabama,2019,2020,2,62,23,39,.371,-10.00,-3.76,0,0,0,0,0,0
276,North Carolina A&T Aggies,Greensboro North Carolina,1974,2020,47,1385,673,712,.486,-12.67,-9.79,0,11,14,10,0,0
277,North Carolina Central Eagles,Durham North Carolina,2011,2020,10,326,200,126,.613,-6.77,-9.33,0,4,4,4,0,0
278,North Carolina State Wolfpack,Raleigh North Carolina,1913,2020,108,2837,1757,1080,.619,10.98,5.90,17,13,17,27,3,2
279,North Carolina Tar Heels,Chapel Hill North Carolina,1911,2020,110,3093,2275,818,.736,15.76,6.91,51,39,26,50,20,6
280,North Carolina-Asheville Bulldogs,Asheville North Carolina,1987,2020,34,1019,488,531,.479,-9.81,-5.59,0,7,5,4,0,0
281,North Carolina-Greensboro Spartans,Greensboro North Carolina,1992,2020,29,887,424,463,.478,-6.36,-4.26,0,6,3,3,0,0
282,North Carolina-Wilmington Seahawks,Wilmington North Carolina,1977,2020,44,1310,672,638,.513,-2.90,-2.50,0,8,6,6,0,0
283,North Central Cardinals,Naperville Illinois,1911,1922,8,115,78,37,.678,,,0,0,0,,,
284,North Dakota Fighting Hawks,Grand Forks North Dakota,1905,2020,27,517,305,212,.590,-7.63,-4.34,0,1,3,1,0,0
285,North Dakota State Bison,Fargo North Dakota,1898,2020,41,770,534,236,.694,0.00,-2.94,0,4,5,4,0,0
286,North Florida Ospreys,Jacksonville Florida,2010,2020,11,363,184,179,.507,-5.41,-2.33,0,3,1,1,0,0
287,North Texas Mean Green,Denton Texas,1922,2020,65,1793,801,992,.447,-4.90,-0.38,0,4,3,3,0,0
288,Northeastern Huskies,Boston Massachusetts,1938,2020,57,1571,824,747,.525,-4.50,-4.26,0,13,9,9,0,0
289,Northeastern Illinois Golden Eagles,Chicago Illinois,1991,1998,8,216,78,138,.361,-14.90,-6.67,0,0,0,0,0,0
290,Northern Arizona Lumberjacks,Flagstaff Arizona,1919,2020,81,1936,879,1057,.454,-7.97,-3.02,0,6,2,2,0,0
291,Northern Colorado Bears,Greeley Colorado,1911,2020,41,765,413,352,.540,-3.79,-4.20,0,3,1,1,0,0
292,Northern Illinois Huskies,De Kalb Illinois,1927,2020,54,1517,687,830,.453,-3.79,-1.12,0,3,2,3,0,0
293,Northern Iowa Panthers,Cedar Falls Iowa,1981,2020,40,1215,646,569,.532,1.19,1.57,1,3,6,8,0,0
294,Northern Kentucky Norse,Highland Heights Kentucky,2013,2020,8,251,137,114,.546,-2.81,-3.69,0,2,3,2,0,0
295,Northwest Missouri State Bearcats,Maryville Missouri,1930,1932,3,97,89,8,.918,,,0,0,0,,,
296,Northwestern State Demons,Natchitoches Louisiana,1977,2020,44,1273,564,709,.443,-9.88,-5.65,0,3,3,3,0,0
297,Northwestern Wildcats,Evanston Illinois,1905,2020,115,2639,1096,1542,.415,3.37,7.40,0,2,0,1,0,0
298,Notre Dame Fighting Irish,Notre Dame Indiana,1897,2020,116,2944,1902,1041,.646,10.07,5.72,25,1,1,36,1,0
299,Oakland Golden Grizzlies,Rochester Michigan,2000,2020,21,680,368,312,.541,-1.10,-1.33,0,4,3,3,0,0
300,Oberlin Yeomen,Oberlin Ohio,1905,1921,7,82,61,21,.744,,,0,0,0,,,
301,Ohio Bobcats,Athens Ohio,1908,2020,113,2717,1547,1170,.569,0.47,-0.17,0,10,6,13,0,0
302,Ohio State Buckeyes,Columbus Ohio,1899,2020,121,2917,1789,1128,.613,11.77,7.40,23,22,5,33,11,1
303,Ohio Wesleyan Battling Bishops,Delaware Ohio,1929,1935,2,40,35,5,.875,,,0,0,0,,,
304,Oklahoma City Chiefs,Oklahoma City Oklahoma,1951,1985,35,948,530,418,.559,0.45,-0.93,3,0,1,11,0,0
305,Oklahoma Sooners,Norman Oklahoma,1908,2020,113,2799,1704,1095,.609,9.59,6.46,19,14,7,32,5,0
306,Oklahoma State Cowboys,Stillwater Oklahoma,1908,2020,111,2869,1678,1191,.585,8.70,5.77,18,19,4,28,6,2
307,Old Dominion Monarchs,Norfolk Virginia,1977,2020,44,1381,841,540,.609,3.27,-0.08,0,9,7,12,0,0
308,Omaha Mavericks,Omaha Nebraska,2013,2020,8,251,122,129,.486,-5.41,-2.37,0,0,0,0,0,0
309,Oral Roberts Golden Eagles,Tulsa Oklahoma,1972,2020,45,1345,753,592,.560,0.45,-1.05,2,7,5,5,0,0
310,Oregon Ducks,Eugene Oregon,1903,2020,115,3062,1691,1371,.552,6.06,5.80,6,7,5,16,2,1
311,Oregon State Beavers,Corvallis Oregon,1902,2020,119,3131,1778,1353,.568,6.13,5.53,8,12,0,17,2,0
312,Pacific Tigers,Stockton California,1938,2020,70,1982,1007,975,.508,-1.16,-0.14,1,10,5,9,0,0
313,Penn State Nittany Lions,University Park Pennsylvania,1897,2020,124,2695,1497,1197,.556,2.43,2.08,2,1,1,9,1,0
314,Pennsylvania Quakers,Philadelphia Pennsylvania,1897,2020,119,2922,1801,1120,.617,0.16,-3.00,6,38,1,24,1,0
315,Pepperdine Waves,Malibu California,1944,2020,66,1898,944,954,.497,-2.30,0.10,1,12,3,13,0,0
316,Phillips Haymakers,Enid Oklahoma,1920,1920,1,3,2,1,.667,,,0,0,0,,,
317,Pittsburg State Gorillas,Pittsburg Kansas,1927,1931,5,103,86,17,.835,,,0,0,0,,,
318,Pittsburgh Panthers,Pittsburgh Pennsylvania,1906,2020,113,2819,1631,1188,.579,5.20,4.15,13,11,4,26,1,0
319,Portland Pilots,Portland Oregon,1954,2020,67,1897,795,1102,.419,-5.29,0.66,0,0,1,2,0,0
320,Portland State Vikings,Portland Oregon,1973,2020,31,900,442,458,.491,-5.87,-2.92,0,2,2,2,0,0
321,Prairie View Panthers,Prairie View Texas,1981,2020,40,1166,348,818,.298,-20.72,-8.19,0,3,2,2,0,0
322,Pratt Institute Cannoneers,Brooklyn New York,1934,1934,1,14,8,6,.571,,,0,0,0,,,
323,Presbyterian Blue Hose,Clinton South Carolina,2011,2020,10,317,108,209,.341,-13.89,-5.30,0,0,0,0,0,0
324,Princeton Tigers,Princeton New Jersey,1901,2020,120,2865,1761,1103,.615,1.38,-3.57,4,30,1,25,1,0
325,Providence Friars,Providence Rhode Island,1929,2020,71,2052,1254,798,.611,7.52,4.34,6,0,2,20,2,0
326,Purdue Boilermakers,West Lafayette Indiana,1897,2020,122,2872,1837,1035,.640,11.83,7.64,22,24,1,31,2,0
327,Purdue-Fort Wayne Mastodons,Fort Wayne Indiana,2003,2020,18,562,263,299,.468,-6.04,-2.39,0,1,0,0,0,0
328,Quinnipiac Bobcats,Hamden Connecticut,1999,2020,22,660,314,346,.476,-8.26,-6.73,0,1,0,0,0,0
329,Radford Highlanders,Radford Virginia,1985,2020,36,1083,566,517,.523,-8.95,-7.04,0,6,3,3,0,0
330,Regis (CO) Rangers,Denver Colorado,1962,1964,3,66,37,29,.561,-4.77,0.04,0,0,0,0,0,0
331,Rensselaer Engineers,Troy New York,1901,1924,4,39,28,11,.718,,,0,0,0,,,
332,Rhode Island Rams,Kingston Rhode Island,1904,2020,114,2680,1535,1145,.573,-1.10,-0.65,0,15,2,10,0,0
333,Rice Owls,Houston Texas,1915,2020,106,2586,1128,1458,.436,-3.27,0.76,0,10,0,4,0,0
334,Richmond Spiders,Richmond Virginia,1913,2020,108,2615,1397,1218,.534,-2.17,-1.49,1,6,6,9,0,0
335,Rider Broncs,Lawrenceville New Jersey,1929,2020,57,1619,855,764,.528,-7.37,-6.06,0,12,3,3,0,0
336,Ripon Red Hawks,Ripon Wisconsin,1902,1922,5,59,46,13,.780,,,0,0,0,,,
337,Roanoke Maroons,Salem Virginia,1912,1919,8,92,67,25,.728,,,0,0,0,,,
338,Robert Morris Colonials,Moon Township Pennsylvania,1977,2020,44,1318,649,669,.492,-8.74,-6.79,0,11,9,8,0,0
339,Rochester (NY) Yellowjackets,Rochester New York,1910,1944,7,111,74,37,.667,,,0,0,0,0,0,0
340,Rose-Hulman Fightin' Engineers,Terre Haute Indiana,1898,1898,1,4,2,2,.500,,,0,0,0,,,
341,Rutgers Scarlet Knights,New Brunswick New Jersey,1914,2020,106,2483,1260,1223,.507,-0.91,0.63,2,9,2,6,1,0
342,Sacramento State Hornets,Sacramento California,1992,2020,29,830,259,571,.312,-12.32,-3.07,0,0,0,0,0,0
343,Sacred Heart Pioneers,Fairfield Connecticut,2000,2020,21,630,244,386,.387,-10.94,-7.00,0,0,0,0,0,0
344,Saint Francis (PA) Red Flash,Loretto Pennsylvania,1956,2020,65,1775,800,975,.451,-9.13,-4.47,0,2,1,1,0,0
345,Saint Joseph's Hawks,Philadelphia Pennsylvania,1910,2020,111,2806,1652,1154,.589,3.86,1.84,6,20,6,21,1,0
346,Saint Louis Billikens,St. Louis Missouri,1916,2020,104,2685,1454,1231,.542,5.01,3.97,10,7,3,10,0,0
347,Saint Mary's (CA) Gaels,Moraga California,1910,2020,111,2614,1367,1247,.523,-1.01,0.30,4,7,4,10,0,0
348,Saint Peter's Peacocks,Jersey City New Jersey,1966,2020,55,1575,780,795,.495,-5.08,-4.02,0,6,3,3,0,0
349,Sam Houston State Bearkats,Huntsville Texas,1987,2020,34,1014,531,483,.524,-7.02,-5.38,0,6,2,2,0,0
350,Samford Bulldogs,Birmingham Alabama,1973,2020,48,1392,603,789,.433,-9.09,-5.30,0,3,2,2,0,0
351,San Diego State Aztecs,San Diego California,1971,2020,50,1509,827,682,.548,3.61,3.33,4,9,7,12,0,0
352,San Diego Toreros,San Diego California,1980,2020,41,1213,600,613,.495,-0.29,0.57,0,2,2,4,0,0
353,San Francisco Dons,San Francisco California,1924,2020,93,2431,1408,1023,.579,2.37,0.63,9,15,1,16,3,2
354,San Jose State Spartans,San Jose California,1938,2020,70,1920,761,1159,.396,-4.19,0.82,0,1,2,2,0,0
355,Santa Clara Broncos,Santa Clara California,1909,2020,111,2634,1509,1125,.573,1.35,0.55,2,11,2,11,1,0
356,Savage School of Physical Education,New York New York,1896,1898,2,8,6,2,.750,,,0,0,0,,,
357,Savannah State Tigers,Savannah Georgia,2003,2019,17,513,189,324,.368,-16.73,-5.37,0,2,0,0,0,0
358,Scranton Royals,Scranton Pennsylvania,1948,1948,1,27,7,20,.259,,,0,0,0,0,0,0
359,Seattle Redhawks,Seattle Washington,1953,2020,38,1065,626,439,.588,1.05,-1.24,5,0,0,11,1,0
360,Seton Hall Pirates,South Orange New Jersey,1909,2020,107,2629,1535,1093,.584,3.64,3.59,8,4,3,13,1,0
361,Sewanee Tigers,Sewanee Tennessee,1923,1941,19,248,48,200,.194,,,0,0,0,0,0,0
362,Siena Saints,Loudonville New York,1939,2020,62,1712,938,774,.548,-4.10,-3.46,1,10,6,6,0,0
363,South Alabama Jaguars,Mobile Alabama,1972,2020,49,1437,807,630,.562,-0.86,-1.62,0,12,5,8,0,0
364,South Carolina Gamecocks,Columbia South Carolina,1909,2020,112,2713,1444,1268,.532,4.20,3.44,8,7,2,9,1,0
365,South Carolina State Bulldogs,Orangeburg South Carolina,1972,2020,49,1448,698,750,.482,-13.24,-10.53,0,8,5,5,0,0
366,South Carolina Upstate Spartans,Spartanburg South Carolina,2011,2020,10,329,138,191,.419,-8.82,-4.37,0,0,0,0,0,0
367,South Dakota Coyotes,Vermillion South Dakota,2011,2020,10,317,162,155,.511,-4.58,-3.30,0,1,0,0,0,0
368,South Dakota State Jackrabbits,Brookings South Dakota,2009,2020,12,400,259,141,.648,1.86,-2.67,0,6,5,5,0,0
369,South Florida Bulls,Tampa Florida,1974,2020,47,1394,637,757,.457,1.26,3.05,0,1,1,3,0,0
370,Southeast Missouri State Redhawks,Cape Girardeau Missouri,1992,2020,29,859,354,505,.412,-8.82,-4.75,0,1,1,1,0,0
371,Southeastern Louisiana Lions,Hammond Louisiana,1981,2020,39,1130,490,640,.434,-10.93,-6.34,0,5,1,1,0,0
372,Southern California Trojans,Los Angeles California,1907,2020,114,2863,1641,1222,.573,7.88,6.20,9,7,1,18,2,0
373,Southern Illinois Salukis,Carbondale Illinois,1968,2020,53,1581,878,703,.555,2.73,2.11,1,9,5,10,0,0
374,Southern Illinois-Edwardsville Cougars,Edwardsville Illinois,2011,2020,10,292,89,203,.305,-12.88,-4.37,0,0,0,0,0,0
375,Southern Jaguars,Baton Rouge Louisiana,1978,2020,43,1279,666,613,.521,-10.20,-10.00,0,8,9,9,0,0
376,Southern Methodist Mustangs,Dallas Texas,1917,2020,104,2601,1365,1236,.525,2.51,1.82,5,15,3,12,1,0
377,Southern Mississippi Golden Eagles,Hattiesburg Mississippi,1967,2020,49,1443,749,694,.519,0.66,1.82,1,2,0,3,0,0
378,Southern Utah Thunderbirds,Cedar City Utah,1989,2020,32,937,398,539,.425,-7.45,-3.67,0,2,3,1,0,0
379,Southwestern (KS) Moundbuilders,Winfield Kansas,1905,1923,19,289,212,77,.734,,,0,0,0,,,
380,Southwestern (TX) Pirates,Georgetown Texas,1915,1916,2,10,1,9,.100,,,0,0,0,,,
381,Springfield Pride,Springfield Massachusetts,1897,1935,30,406,268,138,.660,,,0,0,0,,,
382,St. Bonaventure Bonnies,St. Bonaventure New York,1920,2020,100,2431,1381,1050,.568,2.03,1.51,6,7,1,7,1,0
383,St. Francis (NY) Terriers,Brooklyn Heights New York,1902,2020,101,2540,1240,1300,.488,-11.62,-5.64,0,6,0,0,0,0
384,St. John's (NY) Red Storm,Queens New York,1908,2020,113,2962,1917,1045,.647,8.43,5.03,15,14,3,30,2,0
385,St. John's College (OH),Toledo Ohio,1921,1921,1,15,15,0,1.000,,,0,0,0,,,
386,St. Lawrence Saints,Canton New York,1902,1914,7,99,70,29,.707,,,0,0,0,,,
387,Stanford Cardinal,Stanford California,1914,2020,105,2724,1549,1175,.569,7.89,6.09,10,11,1,17,2,1
388,Stephen F. Austin Lumberjacks,Nacogdoches Texas,1987,2020,34,1003,577,426,.575,-5.68,-6.65,0,9,5,5,0,0
389,Stetson Hatters,DeLand Florida,1972,2020,49,1406,637,769,.453,-8.28,-4.52,0,0,0,0,0,0
390,Stevens Institute Ducks,Hoboken New Jersey,1917,1920,4,48,37,11,.771,,,0,0,0,,,
391,Stony Brook Seawolves,Stony Brook New York,2000,2020,21,650,331,319,.509,-6.33,-5.43,0,4,1,1,0,0
392,SUNY-Potsdam Bears,Potsdam New York,1910,1913,2,32,22,10,.688,,,0,0,0,,,
393,Swarthmore Garnet,Swarthmore Pennsylvania,1906,1919,11,133,92,41,.692,,,0,0,0,,,
394,Syracuse Orange,Syracuse New York,1899,2020,120,2949,2026,922,.687,9.66,3.91,30,10,5,40,6,1
395,Temple Owls,Philadelphia Pennsylvania,1895,2020,124,3036,1940,1096,.639,6.42,2.60,9,20,10,33,2,0
396,Tennessee State Tigers,Nashville Tennessee,1978,2020,43,1237,529,708,.428,-8.59,-4.67,0,2,2,2,0,0
397,Tennessee Tech Golden Eagles,Cookeville Tennessee,1944,2020,66,1804,885,919,.491,-6.60,-3.65,0,7,1,2,0,0
398,Tennessee Volunteers,Knoxville Tennessee,1909,2020,111,2740,1673,1065,.611,8.42,5.18,13,13,4,22,0,0
399,Tennessee-Martin Skyhawks,Martin Tennessee,1993,2020,28,829,314,515,.379,-11.14,-4.18,0,1,0,0,0,0
400,Texas A&M Aggies,College Station Texas,1913,2020,108,2729,1440,1289,.528,2.44,2.50,4,12,2,14,0,0
401,Texas A&M-Corpus Christi Islanders,Corpus Christi Texas,2003,2020,18,558,287,271,.514,-6.17,-4.72,0,1,1,1,0,0
402,Texas Christian Horned Frogs,Fort Worth Texas,1914,2020,107,2656,1239,1417,.466,0.21,1.96,3,11,0,8,0,0
403,Texas Longhorns,Austin Texas,1906,2020,114,2906,1808,1098,.622,6.25,3.65,11,25,2,34,3,0
404,Texas Southern Tigers,Houston Texas,1978,2020,43,1285,639,646,.497,-10.52,-8.40,0,12,8,8,0,0
405,Texas State Bobcats,San Marcos Texas,1985,2020,36,1061,486,575,.458,-8.21,-5.49,0,3,2,2,0,0
406,Texas Tech Red Raiders,Lubbock Texas,1926,2020,92,2481,1392,1089,.561,4.35,2.60,6,13,5,17,1,0
407,Texas Wesleyan Rams,Fort Worth Texas,1948,1948,1,30,19,11,.633,,,0,0,0,0,0,0
408,Texas-Arlington Mavericks,Arlington Texas,1969,2020,52,1497,690,807,.461,-7.94,-4.47,0,3,1,1,0,0
409,Texas-El Paso Miners,El Paso Texas,1923,2020,92,2370,1352,1018,.570,2.75,0.71,4,11,5,17,1,1
410,Texas-Rio Grande Valley Vaqueros,Edinburg Texas,1969,2020,52,1470,633,837,.431,-8.34,-3.14,0,0,0,0,0,0
411,Texas-San Antonio Roadrunners,San Antonio Texas,1982,2020,39,1154,576,578,.499,-5.90,-4.49,0,3,4,4,0,0
412,Toledo Rockets,Toledo Ohio,1916,2020,105,2568,1471,1097,.573,0.85,-0.27,2,10,1,4,0,0
413,Towson Tigers,Towson Maryland,1980,2020,41,1220,515,705,.422,-7.83,-4.28,0,4,3,2,0,0
414,Trinity (CT) Bantams,Hartford Connecticut,1897,1911,8,81,28,53,.346,,,0,0,0,,,
415,Trinity (TX) Tigers,San Antonio Texas,1971,1973,3,70,25,45,.357,-24.37,-5.64,0,0,0,0,0,0
416,Troy Trojans,Troy Alabama,1994,2020,27,809,380,429,.470,-7.56,-5.03,0,6,2,2,0,0
417,Tulane Green Wave,New Orleans Louisiana,1906,2020,110,2548,1231,1317,.483,-1.17,1.20,1,6,0,3,0,0
418,Tulsa Golden Hurricane,Tulsa Oklahoma,1914,2020,107,2639,1471,1168,.557,5.07,3.20,5,11,6,16,0,0
419,U.S. International Gulls,San Diego California,1982,1991,10,279,69,210,.247,-18.06,-5.34,0,0,0,0,0,0
420,UC-Davis Aggies,Davis California,2008,2020,13,412,180,232,.437,-6.18,-2.49,0,2,1,1,0,0
421,UC-Irvine Anteaters,Irvine California,1978,2020,43,1301,647,654,.497,-1.42,0.23,0,7,2,2,0,0
422,UC-Riverside Highlanders,Riverside California,2002,2020,19,567,198,369,.349,-8.47,-2.06,0,0,0,0,0,0
423,UC-Santa Barbara Gauchos,Santa Barbara California,1964,2020,57,1619,861,758,.532,-0.34,0.00,0,4,3,5,0,0
424,UCLA Bruins,Los Angeles California,1920,2020,101,2777,1909,868,.687,15.48,6.91,41,31,4,49,18,11
425,Union (NY) Dutchmen,Schenectady New York,1907,1925,19,266,162,104,.609,,,0,0,0,,,
426,University of California Golden Bears,Berkeley California,1908,2020,111,2835,1635,1200,.577,7.09,6.06,5,14,0,19,3,1
427,Utah State Aggies,Logan Utah,1904,2020,115,2757,1630,1127,.591,3.85,0.92,5,16,10,21,0,0
428,Utah Utes,Salt Lake City Utah,1909,2020,112,2854,1835,1019,.643,8.14,3.64,21,30,5,29,4,1
429,Utah Valley Wolverines,Orem Utah,2010,2020,11,350,184,166,.526,-6.29,-5.10,0,3,0,0,0,0
430,Utica Pioneers,Utica New York,1982,1987,6,158,64,94,.405,-12.95,-7.35,0,0,0,0,0,0
431,Valparaiso Crusaders,Valparaiso Indiana,1918,2020,85,2168,1148,1020,.530,-4.13,-1.57,0,14,10,9,0,0
432,Vanderbilt Commodores,Nashville Tennessee,1901,2020,118,2804,1617,1187,.577,8.27,4.94,11,3,3,15,0,0
433,Vermont Catamounts,Burlington Vermont,1921,2020,65,1777,950,827,.535,-10.13,-7.14,0,11,7,7,0,0
434,Villanova Wildcats,Villanova Pennsylvania,1921,2020,100,2745,1803,942,.657,10.25,5.68,24,13,7,39,6,3
435,Virginia Cavaliers,Charlottesville Virginia,1906,2020,115,2831,1655,1175,.585,6.83,5.53,14,10,3,23,3,1
436,Virginia Commonwealth Rams,Richmond Virginia,1974,2020,47,1448,936,512,.646,5.26,0.68,3,11,9,17,1,0
437,Virginia Military Institute Keydets,Lexington Virginia,1909,2020,112,2463,906,1557,.368,-12.98,-4.79,1,2,3,3,0,0
438,Virginia Tech Hokies,Blacksburg Virginia,1909,2020,112,2716,1480,1236,.545,3.79,1.51,2,2,1,11,0,0
439,Wabash Little Giants,Crawfordsville Indiana,1897,1925,29,407,301,106,.740,,,0,0,0,,,
440,Wagner Seahawks,Staten Island New York,1966,2020,48,1380,665,715,.482,-9.81,-7.40,0,3,1,1,0,0
441,Wake Forest Demon Deacons,Winston-Salem North Carolina,1906,2020,114,2804,1550,1254,.553,8.01,6.20,17,4,5,23,1,0
442,Washburn Ichabods,Topeka Kansas,1906,1941,35,557,270,283,.488,,,0,0,0,0,0,0
443,Washington & Jefferson Presidents,Washington Pennsylvania,1913,1944,10,128,73,55,.570,,,0,0,0,0,0,0
444,Washington & Lee Generals,Lexington Virginia,1907,1959,51,905,472,432,.522,-15.29,-5.66,0,3,2,0,0,0
445,Washington (MO) Bears,St. Louis Missouri,1905,1960,52,921,433,488,.470,-5.26,-1.82,0,2,0,0,0,0
446,Washington College Shoremen,Chestertown Maryland,1913,1925,13,151,109,42,.722,,,0,0,0,,,
447,Washington Huskies,Seattle Washington,1896,2020,119,3015,1812,1203,.601,7.50,6.03,8,12,3,17,1,0
448,Washington State Cougars,Pullman Washington,1902,2020,119,3152,1609,1543,.510,2.95,4.85,3,2,0,6,1,0
449,Wayne State (MI) Warriors,Detroit Michigan,1928,1950,5,104,47,57,.452,,,0,0,0,0,0,0
450,Weber State Wildcats,Ogden Utah,1964,2020,57,1680,1051,629,.626,0.22,-2.58,1,22,10,16,0,0
451,Wesleyan (CT) Cardinals,Middletown Connecticut,1896,1913,13,171,97,74,.567,,,0,0,0,,,
452,West Chester Golden Rams,West Chester Pennsylvania,1899,1982,10,244,86,158,.352,-17.60,-8.15,0,1,0,0,0,0
453,West Texas A&M Buffaloes,Canyon Texas,1921,1986,54,1275,707,568,.555,-6.34,-1.65,0,4,0,1,0,0
454,West Virginia Mountaineers,Morgantown West Virginia,1904,2020,111,2902,1792,1110,.618,7.22,2.63,18,16,13,29,2,0
455,Western Carolina Catamounts,Cullowhee North Carolina,1977,2020,44,1295,569,726,.439,-8.53,-3.79,0,3,1,1,0,0
456,Western Colorado Mountaineers,Gunnison Colorado,1924,1937,14,189,88,101,.466,,,0,0,0,,,
457,Western Illinois Leathernecks,Macomb Illinois,1982,2020,39,1116,459,657,.411,-8.62,-3.67,0,2,1,0,0,0
458,Western Kentucky Hilltoppers,Bowling Green Kentucky,1922,2020,99,2747,1812,935,.660,3.33,-0.13,11,28,19,23,1,0
459,Western Michigan Broncos,Kalamazoo Michigan,1914,2020,107,2580,1347,1232,.522,-2.67,-0.12,1,10,2,4,0,0
460,Westminster (MO) Blue Jays,Fulton Missouri,1920,1920,1,17,17,0,1.000,,,0,0,0,,,
461,Westminster (PA) Titans,New Wilmington Pennsylvania,1898,1935,21,294,210,84,.714,,,0,0,0,,,
462,Wheaton (IL) Thunder,Wheaton Illinois,1902,1905,4,57,39,17,.696,,,0,0,0,,,
463,Whittier Poets,Whittier California,1909,1915,3,42,38,3,.927,,,0,0,0,,,
464,Wichita State Shockers,Wichita Kansas,1906,2020,113,2820,1609,1211,.571,6.06,3.27,8,11,4,15,2,0
465,Widener Pride,Chester Pennsylvania,1899,1909,5,26,20,6,.769,,,0,0,0,,,
466,William & Mary Tribe,Williamsburg Virginia,1906,2020,115,2668,1254,1414,.470,-5.38,-2.61,0,3,0,0,0,0
467,Williams Ephs,Williamstown Massachusetts,1901,1911,10,161,136,24,.850,,,0,0,0,,,
468,Winthrop Eagles,Rock Hill South Carolina,1987,2020,34,1028,559,469,.544,-7.58,-6.79,1,10,12,10,0,0
469,Wisconsin Badgers,Madison Wisconsin,1899,2020,122,2859,1635,1224,.572,8.62,7.75,17,19,3,24,4,1
470,Wisconsin-Stevens Point Pointers,Stevens Point Wisconsin,1898,1918,21,156,98,58,.628,,,0,0,0,,,
471,Wisconsin-Superior Yellowjackets,Superior Wisconsin,1900,1901,2,14,10,4,.714,,,0,0,0,,,
472,Wittenberg Tigers,Springfield Ohio,1931,1931,1,20,18,2,.900,,,0,0,0,,,
473,Wofford Terriers,Spartanburg South Carolina,1996,2020,25,772,386,386,.500,-5.25,-2.73,1,4,5,5,0,0
474,Wooster Fighting Scots,Wooster Ohio,1901,1931,31,390,225,165,.577,,,0,0,0,,,
475,Worcester Tech Engineers,Worcester Massachusetts,1920,1920,1,16,14,2,.875,,,0,0,0,,,
476,Wright State Raiders,Dayton Ohio,1988,2020,33,1003,555,448,.553,-1.58,-2.20,0,3,3,3,0,0
477,Wyoming Cowboys,Laramie Wyoming,1905,2020,115,2754,1546,1208,.561,2.70,2.71,4,21,3,15,1,1
478,Xavier Musketeers,Cincinnati Ohio,1920,2020,99,2527,1509,1018,.597,5.68,3.72,12,18,9,28,0,0
479,Yale Bulldogs,New Haven Connecticut,1896,2020,125,2992,1503,1486,.503,-6.41,-4.60,1,15,1,5,0,0
480,Youngstown State Penguins,Youngstown Ohio,1948,2020,40,1165,450,715,.386,-8.45,-3.21,0,0,0,0,0,0
